month,gpr_salience,gpr_salience_max,binding_any,n_docs
2000-03-01,0.0,0.0,False,1
2000-05-01,0.0,0.0,False,1
2000-06-01,0.0,0.0,False,1
2000-08-01,0.0,0.0,False,1
2000-10-01,0.0,0.0,False,1
2000-11-01,0.1861,0.4,True,1
2000-12-01,0.0736,0.4,True,1
2001-02-01,0.0,0.0,False,1
2001-03-01,0.0,0.0,False,1
2001-05-01,0.0,0.0,False,1
2001-06-01,0.0,0.0,False,1
2001-08-01,0.0,0.0,False,1
2001-10-01,0.1746,0.7,True,1
2001-11-01,0.6528,0.9,True,1
2001-12-01,0.168,0.4,True,1
2002-01-01,0.0397,0.1,True,1
2002-03-01,0.0,0.0,False,1
2002-05-01,0.0873,0.4,True,1
2002-06-01,0.0,0.0,False,1
2002-08-01,0.0,0.0,False,1
2002-09-01,0.0,0.0,False,1
2002-11-01,0.1854,0.4,True,1
2002-12-01,0.3157,0.4,True,1
2003-01-01,0.30795,0.4,True,2
2003-03-01,0.41895,0.6,True,2
2003-05-01,0.5207999999999999,0.9,True,2
2003-06-01,0.3195,0.7,True,2
2003-08-01,0.1277,0.4,True,2
2003-09-01,0.0,0.0,False,2
2003-10-01,0.0,0.0,False,2
2003-12-01,0.0,0.0,False,2
2004-01-01,0.0838,0.4,True,2
2004-03-01,0.0,0.0,False,2
2004-05-01,0.06995,0.3,False,2
2004-06-01,0.0,0.0,False,1
2004-07-01,0.0,0.0,False,1
2004-08-01,0.0,0.0,False,2
2004-09-01,0.09415,0.4,True,2
2004-11-01,0.0,0.0,False,2
2004-12-01,0.0,0.0,False,2
2005-01-01,0.0,0.0,False,1
2005-02-01,0.0,0.0,False,2
2005-03-01,0.0,0.0,False,1
2005-04-01,0.0,0.0,False,1
2005-05-01,0.08795,0.4,True,2
2005-06-01,0.0,0.0,False,1
2005-07-01,0.0,0.0,False,1
2005-08-01,0.0,0.0,False,2
2005-10-01,0.5463,0.7,True,1
2005-11-01,0.3875,0.4,True,1
2006-01-01,0.0,0.0,False,2
2006-02-01,0.0,0.0,False,1
2006-03-01,0.0,0.0,False,1
2006-04-01,0.0,0.0,False,1
2006-05-01,0.0849,0.4,True,2
2006-06-01,0.0,0.0,False,1
2006-07-01,0.0,0.0,False,1
2006-08-01,0.09695,0.4,True,2
2006-09-01,0.0,0.0,False,1
2006-10-01,0.0,0.0,False,2
2006-11-01,0.0,0.0,False,1
2006-12-01,0.0,0.0,False,1
2007-01-01,0.0,0.0,False,2
2007-02-01,0.0,0.0,False,1
2007-03-01,0.0,0.0,False,1
2007-04-01,0.0,0.0,False,1
2007-05-01,0.0,0.0,False,2
2007-06-01,0.0,0.0,False,1
2007-07-01,0.0,0.0,False,1
2007-08-01,0.0,0.0,False,3
2007-09-01,0.0,0.0,False,1
2007-10-01,0.0,0.0,False,2
2007-11-01,0.0,0.0,False,1
2007-12-01,0.0,0.0,False,1
2008-01-01,0.0,0.0,False,2
2008-02-01,0.0,0.0,False,1
2008-03-01,0.0,0.0,False,2
2008-04-01,0.0,0.0,False,2
2008-05-01,0.0,0.0,False,1
2008-06-01,0.0,0.0,False,1
2008-08-01,0.0,0.0,False,2
2008-09-01,0.0,0.0,False,1
2008-10-01,0.0,0.0,False,3
2008-11-01,0.0,0.0,False,1
2009-01-01,0.0,0.0,False,2
2009-02-01,0.0,0.0,False,1
2009-03-01,0.0,0.0,False,1
2009-04-01,0.0,0.0,False,2
2009-05-01,0.0,0.0,False,1
2009-06-01,0.0,0.0,False,1
2009-07-01,0.0,0.0,False,1
2009-08-01,0.0,0.0,False,1
2009-09-01,0.0,0.0,False,2
2009-10-01,0.0,0.0,False,1
2009-11-01,0.0,0.0,False,2
2009-12-01,0.0,0.0,False,1
2010-01-01,0.0,0.0,False,2
2010-02-01,0.0,0.0,False,1
2010-03-01,0.0,0.0,False,1
2010-04-01,0.054,0.4,True,2
2010-05-01,0.05075,0.4,True,2
2010-06-01,0.0,0.0,False,1
2010-07-01,0.1803,0.4,True,1
2010-08-01,0.0,0.0,False,2
2010-09-01,0.0,0.0,False,1
2010-10-01,0.0,0.0,False,1
2010-11-01,0.0,0.0,False,2
2010-12-01,0.0,0.0,False,1
2011-01-01,0.053,0.4,True,2
2011-02-01,0.0153,0.1,True,1
2011-03-01,0.4,0.4,True,1
2011-04-01,0.11575,0.4,True,2
2011-05-01,0.0917,0.4,True,1
2011-06-01,0.4,0.4,True,1
2011-07-01,0.1915,0.4,True,1
2011-08-01,0.09305,0.4,True,2
2011-09-01,0.0,0.0,False,1
2011-10-01,0.0837,0.4,True,1
2011-11-01,0.0462,0.4,True,2
2011-12-01,0.0,0.0,False,1
2012-01-01,0.09065,0.4,True,2
2012-02-01,0.0666,0.4,True,1
2012-03-01,0.1,0.1,False,1
2012-04-01,0.05565,0.4,True,2
2012-05-01,0.0256,0.1,True,1
2012-06-01,0.0,0.0,False,1
2012-07-01,0.0,0.0,False,1
2012-08-01,0.0987,0.4,True,2
2012-09-01,0.0,0.0,False,1
2012-10-01,0.0946,0.4,True,2
2012-11-01,0.0,0.0,False,1
2012-12-01,0.0,0.0,False,1
2013-01-01,0.0,0.0,False,2
2013-02-01,0.0,0.0,False,1
2013-03-01,0.0,0.0,False,1
2013-04-01,0.0988,0.4,True,1
2013-05-01,0.01315,0.1,True,2
2013-06-01,0.0,0.0,False,1
2013-07-01,0.0,0.0,False,2
2013-08-01,0.0,0.0,False,1
2013-09-01,0.0,0.0,False,1
2013-10-01,0.011,0.1,False,2
2013-11-01,0.0,0.0,False,1
2013-12-01,0.0,0.0,False,1
2014-01-01,0.0,0.0,False,2
2014-02-01,0.0,0.0,False,1
2014-03-01,0.0,0.0,False,1
2014-04-01,0.04305,0.4,True,2
2014-05-01,0.1325,0.4,True,1
2014-06-01,0.0,0.0,False,1
2014-07-01,0.04215,0.4,True,2
2014-08-01,0.1583,0.4,True,1
2014-09-01,0.0,0.0,False,1
2014-10-01,0.0396,0.4,True,2
2014-11-01,0.0865,0.4,True,1
2014-12-01,0.0,0.0,False,1
2015-01-01,0.0481,0.4,True,2
2015-02-01,0.0623,0.4,True,1
2015-03-01,0.0,0.0,False,1
2015-04-01,0.04255,0.4,True,2
2015-05-01,0.0,0.0,False,1
2015-06-01,0.0,0.0,False,1
2015-07-01,0.0338,0.3,True,2
2015-08-01,0.0845,0.4,True,1
2015-09-01,0.4,0.4,True,1
2015-10-01,0.0969,0.4,True,2
2015-11-01,0.0112,0.1,False,1
2015-12-01,0.0,0.0,False,1
2016-01-01,0.0,0.0,False,1
2016-02-01,0.1583,0.4,True,1
2016-03-01,0.0,0.0,False,1
2016-04-01,0.05025,0.4,True,2
2016-05-01,0.0191,0.1,False,1
2016-06-01,0.0,0.0,False,1
2016-07-01,0.09855,0.4,True,2
2016-08-01,0.1575,0.4,True,1
2016-09-01,0.0,0.0,False,1
2016-10-01,0.0,0.0,False,1
2016-11-01,0.0391,0.4,True,2
2016-12-01,0.0,0.0,False,1
2017-01-01,0.0,0.0,False,1
2017-02-01,0.0,0.0,False,2
2017-03-01,0.0,0.0,False,1
2017-04-01,0.0,0.0,False,1
2017-05-01,0.08415,0.4,True,2
2017-06-01,0.0,0.0,False,1
2017-07-01,0.0,0.0,False,2
2017-08-01,0.0,0.0,False,1
2017-09-01,0.0,0.0,False,1
2017-10-01,0.1211,0.4,True,1
2017-11-01,0.2,0.4,True,2
2017-12-01,0.0,0.0,False,1
2018-01-01,0.0,0.0,False,2
2018-02-01,0.0,0.0,False,1
2018-03-01,0.0,0.0,False,1
2018-04-01,0.0976,0.4,True,1
2018-05-01,0.0,0.0,False,2
2018-06-01,0.0,0.0,False,1
2018-07-01,0.0992,0.4,True,1
2018-08-01,0.1293,0.4,True,2
2018-09-01,0.0,0.0,False,1
2018-10-01,0.0998,0.4,True,1
2018-11-01,0.1291,0.4,True,2
2018-12-01,0.0,0.0,False,1
2019-01-01,0.13475,0.4,True,2
2019-02-01,0.0975,0.4,True,1
2019-03-01,0.0,0.0,False,1
2019-04-01,0.0179,0.1,False,1
2019-05-01,0.0,0.0,False,2
2019-06-01,0.0,0.0,False,1
2019-07-01,0.24315,0.4,True,2
2019-08-01,0.1823,0.4,True,1
2019-09-01,0.4,0.4,True,1
2019-10-01,0.2444666666666667,0.4,True,3
2019-11-01,0.1132,0.4,True,1
2019-12-01,0.0,0.0,False,1
2020-01-01,0.0524,0.4,True,2
2020-02-01,0.1069,0.4,True,1
2020-03-01,0.0,0.0,False,4
2020-04-01,0.08125,0.9,True,2
2020-05-01,0.0,0.0,False,1
2020-06-01,0.0,0.0,False,1
2020-07-01,0.00885,0.1,True,2
2020-08-01,0.03955,0.4,True,2
2020-09-01,0.0,0.0,False,1
2020-10-01,0.0724,0.4,True,1
2020-11-01,0.0,0.0,False,1
2020-12-01,0.0,0.0,False,1
2021-01-01,0.0,0.0,False,2
2021-02-01,0.0,0.0,False,1
2021-03-01,0.0,0.0,False,1
2021-04-01,0.0,0.0,False,2
2021-05-01,0.0,0.0,False,1
2021-06-01,0.0,0.0,False,1
2021-07-01,0.0,0.0,False,2
2021-08-01,0.0,0.0,False,1
2021-09-01,0.0,0.0,False,1
2021-10-01,0.0,0.0,False,1
2021-11-01,0.04305,0.4,True,2
2021-12-01,0.0,0.0,False,1
2022-01-01,0.0,0.0,False,2
2022-02-01,0.1056,0.4,True,1
2022-03-01,0.7,0.7,True,1
2022-04-01,0.5968,0.9,True,1
2022-05-01,0.54105,0.7,True,2
2022-06-01,0.6,0.6,True,1
2022-07-01,0.35495,0.4,True,2
2022-08-01,0.3487,0.6,True,1
2022-09-01,0.6,0.6,True,1
2022-10-01,0.3178,0.7,True,1
2022-11-01,0.3483,0.7,True,1
2022-12-01,0.4,0.4,True,1
2023-01-01,0.3082,0.4,True,1
2023-02-01,0.26005,0.4,True,2
2023-03-01,0.0,0.0,False,1
2023-04-01,0.1192,0.4,True,1
2023-05-01,0.0,0.0,False,2
2023-06-01,0.0,0.0,False,1
2023-07-01,0.0,0.0,False,2
2023-08-01,0.0,0.0,False,1
2023-09-01,0.0,0.0,False,1
2023-10-01,0.0,0.0,False,1
2023-11-01,0.09745,0.4,True,2
2023-12-01,0.0,0.0,False,1
2024-01-01,0.0129,0.1,True,2
2024-02-01,0.0941,0.4,True,1
2024-03-01,0.0,0.0,False,1
2024-04-01,0.098,0.4,True,1
2024-05-01,0.04995,0.4,True,2
2024-06-01,0.0,0.0,False,1
2024-07-01,0.05455,0.4,True,2
2024-08-01,0.1315,0.4,True,1
2024-09-01,0.0,0.0,False,1
2024-10-01,0.1069,0.4,True,1
2024-11-01,0.048,0.3,True,2
2024-12-01,0.0,0.0,False,1
2025-01-01,0.05135,0.4,True,2
2025-02-01,0.0867,0.4,True,1
2025-03-01,0.0,0.0,False,1
2025-04-01,0.0975,0.4,True,1
2025-05-01,0.13935,0.6,True,2
2025-06-01,0.0,0.0,False,1
2025-07-01,0.0498,0.4,True,2
2025-08-01,0.05015,0.4,True,2
2025-09-01,0.0,0.0,False,1
2025-10-01,0.0,0.0,False,2
2025-11-01,0.0208,0.1,True,1
2025-12-01,0.0,0.0,False,2
2026-01-01,0.0,0.0,False,1
2026-02-01,0.1077,0.4,True,1
2026-03-01,0.4,0.4,True,1
2026-04-01,0.4335,0.6,True,2
2026-05-01,0.5544,0.6,True,1
2026-06-01,0.3,0.3,True,1
2026-07-01,0.3137,0.6,True,2
