macro_var,shock,horizon,beta,se,tstat,pvalue,ci_low,ci_high,nobs
oil,GPRD,0,0.0004942645555790024,0.0008513442884295308,0.5805695325574675,0.5615306113341313,-0.0009060721850287314,0.0018946012961867363,9512
oil,GPRD,1,-0.0007208952202514087,0.001075279605472379,-0.6704258283915965,0.5025863742727887,-0.0024895727792995995,0.001047782338796782,9511
oil,GPRD,2,0.0006402631476215847,0.0009212762327142567,0.6949741292416136,0.48707151464170106,-0.0008751014051826488,0.0021556277004258183,9510
oil,GPRD,3,0.0013134057094044273,0.0009522173711730377,1.3793129060294722,0.1677982990208965,-0.00025285248721574,0.0028796639060245945,9509
oil,GPRD,4,-0.0002540066178831185,0.0008755687559211734,-0.2901047075576398,0.7717361344856596,-0.001694189061705449,0.0011861758259392118,9508
oil,GPRD,5,-3.1313819401672074e-05,0.0009210196696943456,-0.033999077796095324,0.9728778860894104,-0.0015462563635920633,0.0014836287247887193,9507
oil,GPRD,6,-0.0008180763851758337,0.0008666672858822719,-0.9439336161662403,0.34520357237145805,-0.002243617213719477,0.0006074644433678096,9506
oil,GPRD,7,0.0003129011904855529,0.0011069917371227497,0.2826590117997029,0.777438239211961,-0.0015079381833261127,0.0021337405642972186,9505
oil,GPRD,8,0.0012806964688287115,0.0011501374748152503,1.113515989933667,0.26548688482216753,-0.0006111113281139606,0.0031725042657713837,9504
oil,GPRD,9,0.00037963201263181137,0.0007340471465105919,0.5171766070291964,0.6050328803784573,-0.0008277680986595144,0.001587032123923137,9503
oil,GPRD,10,0.00029983679985324575,0.0007210286329546411,0.4158458986913881,0.6775227701241073,-0.0008861497621980575,0.0014858233619045491,9502
oil,GPRD,11,-2.6085743438615084e-05,0.0010279599385553356,-0.02537622572653484,0.9797548741223563,-0.0017169293767321714,0.0016647578898549413,9501
oil,GPRD,12,0.0004113649161393071,0.0009257711617892351,0.4443483801593726,0.6567907278897113,-0.0011113931370567943,0.0019341229693354087,9500
oil,GPRD,13,0.000736311063817298,0.0008481056940628822,0.8681831391674453,0.3852940830009546,-0.0006586986631002294,0.0021313207907348256,9499
oil,GPRD,14,-0.00033531546823922456,0.0007063727315857,-0.4747004707932199,0.6350004823287108,-0.001497195217767582,0.0008265642812891327,9498
oil,GPRD,15,-0.0009975129839972334,0.0007270986204126131,-1.371908783750911,0.17009183563001373,-0.002193483786934332,0.00019845781893986511,9497
oil,GPRD,16,0.00039012004308174475,0.0008002422246835879,0.4875024474445802,0.6259023088470473,-0.0009261612826287697,0.001706401368792259,9496
oil,GPRD,17,0.0005585749715649288,0.0008545671520664417,0.653634966209771,0.5133470111893668,-0.000847062907985148,0.0019642128511150056,9495
oil,GPRD,18,0.0003774378882838141,0.0007989748906939569,0.4724026908480028,0.6366393840615872,-0.000936758858517297,0.0016916346350849252,9494
oil,GPRD,19,-0.0010100897071852624,0.0009193456334397054,-1.09870506852362,0.2718967310436258,-0.0025222787067705607,0.0005020992924000358,9493
oil,GPRD,20,-0.0006311400095566211,0.0012915294982790212,-0.48867641846169435,0.6250708013880564,-0.0027555169891156843,0.0014932369700024419,9492
oil,GPRD,21,-0.0003181872951386986,0.0007692818475104699,-0.41361601884719895,0.6791553398530191,-0.0015835433321642245,0.0009471687418868273,9491
oil,GPRD,22,0.0007422179856254699,0.0008980282741804289,0.8264973464258051,0.4085220227216957,-0.0007349070782651797,0.0022193430495161194,9490
oil,GPRD,23,0.0005352811083373021,0.0008609499113284438,0.6217331592628479,0.5341173438937483,-0.000880855475934837,0.0019514176926094411,9489
oil,GPRD,24,-0.0011135641614236653,0.0008590695040911822,-1.296244548456781,0.19489124608826747,-0.002526607751031449,0.0002994794281841182,9488
oil,GPRD,25,-0.0004207707806214062,0.0008364597175251564,-0.5030377097732165,0.614937759721083,-0.0017966245807914637,0.0009550830195486511,9487
oil,GPRD,26,0.0005146737761232014,0.0011082060911252098,0.4644206346137574,0.6423464091290557,-0.0013081630322738136,0.0023375105845202166,9486
oil,GPRD,27,-2.2397546922177066e-06,0.0007634209530297577,-0.0029338396900542006,0.9976591379655642,-0.0012579554781739642,0.0012534759687895286,9485
oil,GPRD,28,0.00024296004511664796,0.0007966703765073559,0.30496934777692797,0.7603894978609042,-0.0010674461131662712,0.0015533662033995672,9484
oil,GPRD,29,-0.0020316640021261164,0.0009070883325041527,-2.2397642316899886,0.025106233118173536,-0.003523691535810935,-0.0005396364684412979,9483
oil,GPRD,30,0.0014376313031206791,0.000830802398304385,1.7304130393157187,0.08355650581733481,7.108296498972992e-05,0.0028041796412516286,9482
oil,GPRD_ACT,0,0.0003323022219883668,0.0005083513909798467,0.6536860681109865,0.5133140808529075,-0.00050386140723066,0.0011684658512073935,9512
oil,GPRD_ACT,1,0.00039416255955758667,0.0009955129228242823,0.3959391691665264,0.6921499045073498,-0.0012433104822269952,0.0020316356013421683,9511
oil,GPRD_ACT,2,-0.0005342718510799444,0.0007786361234802935,-0.6861637098108078,0.4926098793957434,-0.0018150143028619395,0.0007464706007020508,9510
oil,GPRD_ACT,3,5.010092068017857e-05,0.00045121914889933914,0.11103456225736423,0.9115889394578297,-0.0006920885329368558,0.0007922903742972129,9509
oil,GPRD_ACT,4,-3.94308611744813e-05,0.0005699970906084537,-0.06917730252340432,0.9448484897804548,-0.0009769926430135832,0.0008981309206646207,9508
oil,GPRD_ACT,5,-0.00021895611131582553,0.0005050932583870886,-0.4334964042383318,0.6646541777884111,-0.0010497605893225652,0.0006118483666909142,9507
oil,GPRD_ACT,6,-0.0003035865174408067,0.0005704469254623143,-0.5321906454220388,0.5945939612745417,-0.0012418882117708105,0.0006347151768891971,9506
oil,GPRD_ACT,7,-0.00022710363086520137,0.0005902391879833975,-0.38476542305013717,0.7004112189649114,-0.0011979606999885845,0.0007437534382581819,9505
oil,GPRD_ACT,8,0.0007313128195452186,0.0005969559961622628,1.225069895011885,0.22054888685483165,-0.00025059241587270845,0.0017132180549631457,9504
oil,GPRD_ACT,9,0.0006385429461042395,0.0005844008899100309,1.0926454034020103,0.27454951962309393,-0.0003227109772579428,0.0015997968694664217,9503
oil,GPRD_ACT,10,0.00015750486857523386,0.0004393162854907319,0.3585227176345064,0.7199521700644398,-0.0005651061169930449,0.0008801158541435125,9502
oil,GPRD_ACT,11,-0.0002899521447719348,0.0006018564850519418,-0.4817629318173936,0.629974364704006,-0.0012799179671138857,0.000700013677570016,9501
oil,GPRD_ACT,12,7.59326823697881e-05,0.000608486317338818,0.12478946560684485,0.9006902274261547,-0.0009249382436553112,0.0010768036083948875,9500
oil,GPRD_ACT,13,0.00040131613490910996,0.000712083238184383,0.5635803700875702,0.5730397492466958,-0.0007699565621098214,0.0015725888319280414,9499
oil,GPRD_ACT,14,0.0009329032840926421,0.0007344257164387301,1.2702486626099376,0.20399606860429464,-0.0002751195193180366,0.002140926087503321,9498
oil,GPRD_ACT,15,-0.0005559434345241201,0.0004602691477451856,-1.2078659567942662,0.22709882614231225,-0.0013130188115666516,0.00020113194251841142,9497
oil,GPRD_ACT,16,0.0012505202441913277,0.0005134082224835102,2.435723055120124,0.01486205837251776,0.0004060388673326177,0.0020950016210500378,9496
oil,GPRD_ACT,17,-0.00030756222453742906,0.0005469625839348074,-0.5623094404828384,0.5739052073813038,-0.0012072356145293461,0.000592111165454488,9495
oil,GPRD_ACT,18,-0.0004901916793632683,0.000668410365607986,-0.7333693559904476,0.4633331841734486,-0.0015896288935255236,0.0006092455347989871,9494
oil,GPRD_ACT,19,-1.974040323154457e-05,0.0004680985184116571,-0.04217147129311011,0.9663620049309763,-0.0007896939490115693,0.0007502131425484801,9493
oil,GPRD_ACT,20,-0.0002553400482492811,0.00072053430111485,-0.3543759788454277,0.7230571341365435,-0.0014405135067809861,0.0009298334102824241,9492
oil,GPRD_ACT,21,0.0002633489930496104,0.0006568164153599645,0.4009476421281029,0.688458672554534,-0.0008170178699964917,0.0013437158560957126,9491
oil,GPRD_ACT,22,-0.0003766543160146214,0.0004322164078147159,-0.8714484438917621,0.3835093445604555,-0.0010875870420365935,0.0003342784100073507,9490
oil,GPRD_ACT,23,0.0006092506634057605,0.0005481728510106135,1.1114207175392647,0.266387298785543,-0.0002924134387753761,0.0015109147655868972,9489
oil,GPRD_ACT,24,-8.139512218203138e-05,0.0005046240705672486,-0.1612985327682348,0.8718582788111985,-0.0009114278549015859,0.0007486376105375231,9488
oil,GPRD_ACT,25,4.288700685545699e-05,0.0005103736536923079,0.08403060492090475,0.933032098606358,-0.0007966029485208103,0.0008823769622317242,9487
oil,GPRD_ACT,26,-0.00014409661996815575,0.0006818597810460976,-0.21132881565046288,0.8326306990027454,-0.0012656561538941663,0.0009774629139578546,9486
oil,GPRD_ACT,27,0.0001316493766954729,0.0005931175912481382,0.22196167950175621,0.8243437145620893,-0.000843942244477748,0.0011072409978686937,9485
oil,GPRD_ACT,28,-4.75483391673142e-05,0.0005215968237144073,-0.09115918081845645,0.9273661088458227,-0.0009054987664603247,0.0008104020881256962,9484
oil,GPRD_ACT,29,-0.000583201556363658,0.00048424816075364857,-1.204344391222892,0.22845649573101745,-0.0013797188999238766,0.00021331578719656038,9483
oil,GPRD_ACT,30,0.0013272959810887058,0.0007505173041376137,1.7685081659960433,0.07697598825011129,9.280487128811082e-05,0.0025617870908893007,9482
oil,GPRD_THREAT,0,-1.7546929146889485e-06,0.0006019736428207892,-0.002914899905694592,0.9976742496624722,-0.0009919132226376543,0.0009884038368082762,9512
oil,GPRD_THREAT,1,-0.0012425084083536938,0.0006866692426597867,-1.8094714764576985,0.07037778758261219,-0.0023719788026586646,-0.0001130380140487231,9511
oil,GPRD_THREAT,2,0.0002844660142777322,0.0006391368269615975,0.44507842808880155,0.6562630775587383,-0.000766820513668307,0.0013357525422237713,9510
oil,GPRD_THREAT,3,0.0009005657385249931,0.0006608561198129411,1.3627258816637775,0.17296891779836687,-0.00018644584704239958,0.0019875773240923857,9509
oil,GPRD_THREAT,4,0.0002208433031247017,0.0005929788497982249,0.3724303205752597,0.7095724824079181,-0.0007545201086714209,0.0011962067149208242,9508
oil,GPRD_THREAT,5,-0.0001733123387540401,0.0007005332227457199,-0.24740059875354284,0.804598210848509,-0.001325586950987341,0.0009789622734792608,9507
oil,GPRD_THREAT,6,-0.0008874560514010622,0.0005797844187543518,-1.5306655761942225,0.12585206566237628,-0.001841116555439109,6.620445263698447e-05,9506
oil,GPRD_THREAT,7,0.0005335418152580901,0.000706570184646084,0.7551150994650835,0.4501799240380582,-0.0006286627156527927,0.001695746346168973,9505
oil,GPRD_THREAT,8,0.0010312596708116671,0.0008789767584757001,1.1732502149431714,0.2406954804132384,-0.00041452843837313635,0.0024770477799964706,9504
oil,GPRD_THREAT,9,2.2283817489920612e-05,0.0005514110351172619,0.040412353164426214,0.9677643818942679,-0.0008847066235637732,0.0009292742585436144,9503
oil,GPRD_THREAT,10,-0.0002832120707486006,0.0005251174778549317,-0.5393308786930919,0.5896585659173851,-0.0011469534587738943,0.0005805293172766932,9502
oil,GPRD_THREAT,11,-0.00017821508545887602,0.0007201166920374643,-0.24748084224327957,0.8045361161369045,-0.0013627016381849955,0.0010062714672672433,9501
oil,GPRD_THREAT,12,-2.500897290185115e-05,0.0006195377071682876,-0.04036715217247925,0.9678004176627283,-0.0010440578175708079,0.0009940398717671057,9500
oil,GPRD_THREAT,13,0.0007129032561268673,0.0005684806420330298,1.254050188195232,0.20982376393707947,-0.0002221641897728634,0.001647970702026598,9499
oil,GPRD_THREAT,14,-0.0003840883414727467,0.0005623162263924382,-0.6830468754865576,0.4945772227391687,-0.0013090162259480139,0.0005408395430025203,9498
oil,GPRD_THREAT,15,-0.0006197049481355995,0.0005922054275000178,-1.0464357794754946,0.295359880753049,-0.0015937961934593507,0.00035438629718815174,9497
oil,GPRD_THREAT,16,-0.0014254982418776517,0.0006342182852720953,-2.247646078614838,0.024598766863799467,-0.002468694488686401,-0.0003823019950689023,9496
oil,GPRD_THREAT,17,0.00011263311523822873,0.0006707575492010563,0.16791926586944383,0.8666467933640776,-0.0009906648723702093,0.0012159311028466667,9495
oil,GPRD_THREAT,18,0.000598752620854585,0.000618911190794702,0.9674289781152079,0.3333296295495194,-0.00041926569608493507,0.001616770937794105,9494
oil,GPRD_THREAT,19,-0.00029369504085182725,0.0006067986888157619,-0.4840073755350514,0.6283806347470207,-0.0012917900649798309,0.0007043999832761765,9493
oil,GPRD_THREAT,20,1.2525224420870769e-06,0.0007457205210726208,0.001679613751657911,0.9986598627495508,-0.0012253485813363552,0.001227853626220529,9492
oil,GPRD_THREAT,21,-0.00023250454960269056,0.000557648780029122,-0.4169372514193405,0.6767243053312852,-0.0011497551679986557,0.0006847460687932745,9491
oil,GPRD_THREAT,22,0.0007151089361864898,0.0006715619392586778,1.0648443492433215,0.28694637204306106,-0.0003895121553257107,0.0018197300276986902,9490
oil,GPRD_THREAT,23,0.0006474426632780239,0.0005933198141958427,1.091220363431713,0.2751759296140336,-0.00032848158504418155,0.0016233669116002293,9489
oil,GPRD_THREAT,24,-0.000701778601313941,0.0006244499147042302,-1.1238348901790425,0.2610830769956859,-0.0017289073083647315,0.00032535010573684947,9488
oil,GPRD_THREAT,25,-0.00032820205498179607,0.0006206586693090444,-0.52879637586819,0.5969467120923291,-0.0013490947182936523,0.0006926906083300601,9487
oil,GPRD_THREAT,26,5.1401860550311604e-05,0.0006130468468129667,0.0838465458513217,0.933178440049089,-0.0009569704689211602,0.0010597741900217833,9486
oil,GPRD_THREAT,27,-0.0002673471262951889,0.0006094430234368351,-0.4386745208560054,0.6608973915047908,-0.0012697916938155384,0.0007350974412251605,9485
oil,GPRD_THREAT,28,0.0005894883943923255,0.0005700030888554859,1.0341845613081928,0.30104989021270456,-0.00034808325368516273,0.001527060042469814,9484
oil,GPRD_THREAT,29,-0.0009618157557069755,0.0006629385054426212,-1.4508370652943205,0.14682523587211938,-0.0020522525608300595,0.00012862104941610835,9483
oil,GPRD_THREAT,30,0.0006333330819543603,0.0006382349618781618,0.9923196311443415,0.3210416299405384,-0.0004164700099381686,0.0016831361738468891,9482
dxy,GPRD,0,-3.9574188867175464e-05,0.00011330117048130456,-0.3492831424341328,0.7268767528623375,-0.00022593803007119634,0.0001467896523368454,9512
dxy,GPRD,1,-7.736208329574465e-05,0.0001221878289172023,-0.6331406653290095,0.5266417887299272,-0.00027834317685953083,0.00012361901026804151,9511
dxy,GPRD,2,-0.00010797787578578908,0.00011567792433815406,-0.9334354536838342,0.35059518222035146,-0.0002982511291916198,8.229537762004161e-05,9510
dxy,GPRD,3,3.07236898671222e-05,0.00012226226379008,0.25129331745299344,0.8015873413395738,-0.00017037983816728852,0.0002318272179015329,9509
dxy,GPRD,4,-9.710082961807403e-05,0.00012203443185304832,-0.7956838749821125,0.4262158015886752,-0.0002978296074645228,0.00010362794822837477,9508
dxy,GPRD,5,-2.3134282276656035e-05,0.00011815971133750603,-0.19578824300421926,0.8447759127039844,-0.00021748971202969182,0.00017122114747637976,9507
dxy,GPRD,6,-0.0002624265249700586,0.00011385656881843206,-2.3048869968016708,0.02117290304950045,-0.0004497039151433065,-7.514913479681073e-05,9506
dxy,GPRD,7,-8.647901237810152e-05,0.00011821648904698893,-0.7315308809731921,0.4644549492736305,-0.00028092783315251024,0.0001079698083963072,9505
dxy,GPRD,8,-0.00010397008945935976,0.00011497463457801566,-0.9042871920485313,0.36584313645744193,-0.00029308653415242896,8.514635523370945e-05,9504
dxy,GPRD,9,5.519582956465583e-05,0.00011766754509444754,0.4690828683504199,0.6390104040194684,-0.0001383500587584221,0.00024874171788773377,9503
dxy,GPRD,10,-9.851452936284127e-05,0.00011561566685300661,-0.8520863308957283,0.39416617807028076,-0.0002886853783184223,9.165631959273976e-05,9502
dxy,GPRD,11,-0.00014110138408376602,0.00012862324076944176,-1.0970131310615274,0.27263565199550166,-0.00035266778817363473,7.046502000610273e-05,9501
dxy,GPRD,12,-0.00012633423818705103,0.0001174055716165796,-1.0760497687420703,0.28190499885738873,-0.0003194492184848928,6.678074211079074e-05,9500
dxy,GPRD,13,2.449471258335895e-05,0.00011352389127489379,0.2157670276122401,0.8291693510647787,-0.00016223547172579468,0.00021122489689251258,9499
dxy,GPRD,14,0.00010079646722519238,0.00011078725293955879,0.909820079031863,0.3629174035669056,-8.143234759243106e-05,0.0002830252820428158,9498
dxy,GPRD,15,-0.00018777621873000756,0.00011474630346454024,-1.6364467792030928,0.10174611560505034,-0.00037651709216293087,9.646547029157414e-07,9497
dxy,GPRD,16,-0.0003249540357160439,0.00011661004029663808,-2.7866728704441797,0.005325220630423628,-0.0005167604834369263,-0.00013314758799516145,9496
dxy,GPRD,17,-0.0001714947838144009,0.00011742825787731598,-1.460421766569775,0.14417419421223843,-0.0003646470796904969,2.165751206169506e-05,9495
dxy,GPRD,18,-0.00014105476150633607,0.0001122014321695939,-1.2571565155525821,0.20869696579872798,-0.0003256096941596422,4.350017114697005e-05,9494
dxy,GPRD,19,-1.433129903012813e-05,0.00011592188825997382,-0.12362893018088046,0.9016090852302157,-0.00020500583737760936,0.0001763432393173531,9493
dxy,GPRD,20,-1.818274464327159e-05,0.00011463996140195136,-0.15860738629803908,0.8739782090429671,-0.00020674870094884807,0.00017038321166230487,9492
dxy,GPRD,21,8.239357242538691e-05,0.00011860258159744936,0.6947030268282023,0.48724143077465665,-0.0001126903140809856,0.00027747745893175944,9491
dxy,GPRD,22,2.739452125466484e-05,0.00011921518423428233,0.22979053742708627,0.8182545380298232,-0.00016869700692078243,0.0002234860494301121,9490
dxy,GPRD,23,-1.106133396847546e-05,0.00011609419646588352,-0.09527895713310736,0.9240932563804721,-0.00020201929409340076,0.00017989662615644982,9489
dxy,GPRD,24,0.00016475344695750764,0.00011301030899315028,1.4578621050181677,0.1448785556874749,-2.1131969672782172e-05,0.0003506388635877974,9488
dxy,GPRD,25,-0.00012587761698094782,0.00011929971820333433,-1.0551375885599505,0.29136240302960903,-0.00032210819116199085,7.035295720009521e-05,9487
dxy,GPRD,26,-1.884613821534287e-05,0.00012381417864188877,-0.15221308594916325,0.8790188731325673,-0.0002225023390224711,0.0001848100625917854,9486
dxy,GPRD,27,-4.248544679722121e-05,0.00010881306145207215,-0.39044436605558025,0.6962079865446271,-0.00022146700558635553,0.0001364961119919131,9485
dxy,GPRD,28,3.1098575526592684e-05,0.0001224903435505747,0.2538859360268875,0.7995836803085097,-0.000170380110329102,0.00023257726138228738,9484
dxy,GPRD,29,-0.00010664763258491057,0.00011610358051364273,-0.9185559318076238,0.3583278909411637,-0.0002976210280948281,8.432576292500693e-05,9483
dxy,GPRD,30,-8.070619281468874e-05,0.0001202377634226476,-0.6712216737681531,0.5020793234216059,-0.0002784797140769637,0.00011706732844758624,9482
dxy,GPRD_ACT,0,-4.302412129940115e-05,6.662658163853204e-05,-0.6457500931507956,0.5184412134427063,-0.00015261509575891893,6.656685316011664e-05,9512
dxy,GPRD_ACT,1,-9.350358175817682e-05,6.59171358034381e-05,-1.4185018905706135,0.15604428711618828,-0.0002019276216627147,1.4920458146361085e-05,9511
dxy,GPRD_ACT,2,-0.0001508410015116515,6.623616541476661e-05,-2.277320864924696,0.022767071858909957,-0.000259789798429488,-4.189220459381499e-05,9510
dxy,GPRD_ACT,3,3.958360870260427e-05,6.883892378261867e-05,0.575017831882474,0.5652792371772939,-7.364634475667201e-05,0.00015281356216188054,9509
dxy,GPRD_ACT,4,-2.683476509539015e-05,6.391873376464459e-05,-0.41982629371536895,0.6746123551685081,-0.00013197172615831134,7.830219596753103e-05,9508
dxy,GPRD_ACT,5,-4.670131947527518e-05,6.283130269321504e-05,-0.7432810951461987,0.4573115146884337,-0.00015004961559629573,5.6646976645745375e-05,9507
dxy,GPRD_ACT,6,-0.00013339666028918187,7.392490776368782e-05,-1.8044886943329645,0.07115472993090338,-0.0002549923129463368,-1.1801007632026919e-05,9506
dxy,GPRD_ACT,7,6.168629327046326e-05,6.430966253731636e-05,0.9592072300903326,0.33745435888179953,-4.409368840206677e-05,0.0001674662749429933,9505
dxy,GPRD_ACT,8,1.8035436841462796e-05,6.997254097960698e-05,0.2577502058517369,0.796599696167857,-9.705915097585426e-05,0.00013313002465877987,9504
dxy,GPRD_ACT,9,1.846545537435278e-05,6.668773792734521e-05,0.27689431293156885,0.7818612595562882,-9.122611222863025e-05,0.0001281570229773358,9503
dxy,GPRD_ACT,10,-0.000101687881248285,6.63822380295797e-05,-1.5318537649027926,0.12555852505948598,-0.00021087694623639512,7.501183739825121e-06,9502
dxy,GPRD_ACT,11,-7.292263170872566e-05,7.597610326721252e-05,-0.9598101057151138,0.3371507952893119,-0.00019789220072943977,5.2046937311988465e-05,9501
dxy,GPRD_ACT,12,-2.001798674645993e-05,6.772982643021897e-05,-0.29555644538797343,0.7675688398047777,-0.00013142363740299928,9.138766391007942e-05,9500
dxy,GPRD_ACT,13,1.0027150502066195e-05,7.006393075247963e-05,0.14311430138697043,0.8861999103355978,-0.00010521776011462672,0.00012527206111875912,9499
dxy,GPRD_ACT,14,2.2897053047748107e-06,6.66219281117887e-05,0.03436864362335453,0.9725831874566562,-0.00010729361478440109,0.0001118730253939507,9498
dxy,GPRD_ACT,15,-6.672134269582769e-05,6.484975060785369e-05,-1.0288604361686988,0.30354526216042044,-0.00017338969019005428,3.994700479839889e-05,9497
dxy,GPRD_ACT,16,-5.553629234075655e-05,6.700851543627093e-05,-0.828794549158082,0.4072206731604223,-0.0001657554919927405,5.46829073112274e-05,9496
dxy,GPRD_ACT,17,-2.3495397715239192e-05,7.12451400112226e-05,-0.3297824625165755,0.7415643396342578,-0.00014068322466536412,9.369242923488575e-05,9495
dxy,GPRD_ACT,18,-2.8749250925921255e-05,6.691994607404486e-05,-0.42960660628911884,0.6674818306745551,-0.00013882276694121088,8.132426508936837e-05,9494
dxy,GPRD_ACT,19,-3.11109880593835e-05,7.24924130200803e-05,-0.4291619876243573,0.6678053439613382,-0.00015035039654192673,8.812842042315971e-05,9493
dxy,GPRD_ACT,20,-3.303721722109514e-05,7.030267120756985e-05,-0.46992833492133157,0.6384062195894407,-0.00014867482094124324,8.260038649905295e-05,9492
dxy,GPRD_ACT,21,4.58483469474619e-05,6.488297659248947e-05,0.706631374750601,0.47979558612394024,-6.087465242810189e-05,0.0001525713463230257,9491
dxy,GPRD_ACT,22,6.250122667163183e-05,6.489316395557617e-05,0.9631403812336568,0.33547707924705195,-4.4238529425054177e-05,0.00016924098276831782,9490
dxy,GPRD_ACT,23,-4.18854574797758e-05,6.506110415361247e-05,-0.6437864531300017,0.5197139195093967,-0.00014890145062031277,6.513053566076116e-05,9489
dxy,GPRD_ACT,24,3.318890159268758e-05,7.129085533933757e-05,0.46554219941269637,0.6415432242858128,-8.407412038069454e-05,0.00015045192356606972,9488
dxy,GPRD_ACT,25,-5.422326753390707e-05,6.89397631238121e-05,-0.7865310972497106,0.4315564080956076,-0.00016761908694928478,5.9172551881470626e-05,9487
dxy,GPRD_ACT,26,-8.466599493908433e-05,7.226048943106285e-05,-1.1716775738124006,0.24132653011620075,-0.00020352392306505657,3.419193318688791e-05,9486
dxy,GPRD_ACT,27,-8.213167454325031e-05,7.036360675153709e-05,-1.167246511868952,0.24311083244208487,-0.0001978695083139032,3.3606159227402574e-05,9485
dxy,GPRD_ACT,28,8.611903611951231e-05,6.705005548338276e-05,1.2843991775794352,0.19900232057912592,-2.416849082962727e-05,0.0001964065630686519,9484
dxy,GPRD_ACT,29,-8.428866072954752e-05,6.9782080835443e-05,-1.2078840258190824,0.22709187485556304,-0.00019906996948794675,3.049264802885171e-05,9483
dxy,GPRD_ACT,30,-4.229983991930508e-05,6.988553244708177e-05,-0.6052732008779509,0.5449974848681335,-0.00015725131143632233,7.265163159771217e-05,9482
dxy,GPRD_THREAT,0,-1.551224149644095e-05,8.221980011727827e-05,-0.1886679543651809,0.8503530691878802,-0.0001507517779265712,0.00011972729493368929,9512
dxy,GPRD_THREAT,1,-2.3119878318144665e-05,9.13841319819337e-05,-0.2529966397526802,0.8002708098393947,-0.00017343339925444034,0.00012719364261815102,9511
dxy,GPRD_THREAT,2,1.5964504696391292e-05,8.348389816855609e-05,0.1912285488173846,0.8483465375981382,-0.00012135428799820556,0.00015328329739098815,9510
dxy,GPRD_THREAT,3,-2.324360229862999e-05,8.96150821464548e-05,-0.2593715448549585,0.7953485825674297,-0.0001706472951967803,0.00012416009059952032,9509
dxy,GPRD_THREAT,4,-7.487547657176616e-05,9.100544085800329e-05,-0.8227582424285502,0.41064548726019,-0.00022456610603937058,7.481515289583825e-05,9508
dxy,GPRD_THREAT,5,-1.5032190979283306e-05,9.016963602632049e-05,-0.16671012151912662,0.8675981411723965,-0.0001633480438380707,0.00013328366187950408,9507
dxy,GPRD_THREAT,6,-0.00011107102650562828,8.162340886343328e-05,-1.3607741706973393,0.1735850668502409,-0.00024532958661878943,2.3187533607532895e-05,9506
dxy,GPRD_THREAT,7,-0.00019981607415750236,9.07483178883298e-05,-2.2018708314063264,0.02767443392012928,-0.00034908377397586683,-5.0548374339137926e-05,9505
dxy,GPRD_THREAT,8,-0.00010291151530056623,8.540837579463801e-05,-1.204934695726026,0.22822851321318915,-0.00024339579199841087,3.757276139727841e-05,9504
dxy,GPRD_THREAT,9,-4.787260583266209e-05,9.060793889375245e-05,-0.5283489108917693,0.5972571898892605,-0.00019690940275264818,0.000101164191087324,9503
dxy,GPRD_THREAT,10,-4.10175128475964e-05,8.85047031727533e-05,-0.4634500922231654,0.6430417802476402,-0.00018659479486356315,0.00010455976916837034,9502
dxy,GPRD_THREAT,11,-9.11426859508347e-05,8.856981696991529e-05,-1.0290490493143205,0.30345662663113404,-0.00023682707063222793,5.4541698730558525e-05,9501
dxy,GPRD_THREAT,12,-0.00011982033532004633,9.10801394410378e-05,-1.3155484395982282,0.1883256489494749,-0.00026963383302288323,2.9993162382790532e-05,9500
dxy,GPRD_THREAT,13,8.348203114532315e-05,8.421064354346926e-05,0.991347739816642,0.3215158092842144,-5.503215131506982e-05,0.00022199621360571612,9499
dxy,GPRD_THREAT,14,0.00011692422759439681,7.987885857512983e-05,1.4637693837903816,0.1432569703771581,-1.4464802649649181e-05,0.0002483132578384428,9498
dxy,GPRD_THREAT,15,-0.00018764209307578326,9.057913508875587e-05,-2.0715818592429507,0.038304453143368625,-0.00033663151195265073,-3.865267419891582e-05,9497
dxy,GPRD_THREAT,16,-0.00021995666297256952,8.549058848026739e-05,-2.5728757619131266,0.010085740517349864,-0.00036057616750455307,-7.933715844058597e-05,9496
dxy,GPRD_THREAT,17,-0.00012435661902992926,8.945371251045667e-05,-1.3901784010964624,0.1644747105094354,-0.0002714948824970282,2.2781644437169682e-05,9495
dxy,GPRD_THREAT,18,-6.873747091658149e-06,8.696620858352924e-05,-0.07903928667944696,0.9370013745417414,-0.00014992043070249445,0.00013617293651917818,9494
dxy,GPRD_THREAT,19,-5.310540879614869e-05,9.036873963400325e-05,-0.5876524228536059,0.5567656162215568,-0.0002017487579461722,9.553794035387482e-05,9493
dxy,GPRD_THREAT,20,-1.0792450147314376e-05,8.679890685701707e-05,-0.12433854916044815,0.9010472262911208,-0.0001535639469065019,0.00013197904661187317,9492
dxy,GPRD_THREAT,21,1.2044123054903332e-05,8.991901604110608e-05,0.1339441153292582,0.8934467655835212,-0.00013585949661221763,0.00015994774272202428,9491
dxy,GPRD_THREAT,22,-6.573290481298043e-05,8.89916878478713e-05,-0.7386409495384436,0.4601250515773029,-0.00021211120533808477,8.064539571212393e-05,9490
dxy,GPRD_THREAT,23,1.0030549086800476e-05,8.745153185422985e-05,0.11469838062436775,0.9086841975325721,-0.00013381442026609168,0.00015387551843969264,9489
dxy,GPRD_THREAT,24,0.00010442017660414791,8.960316001999174e-05,1.16536265663901,0.24387222656058272,-4.296390614104866e-05,0.00025180425934934447,9488
dxy,GPRD_THREAT,25,-8.656427657685658e-05,8.700843739352703e-05,-0.9948951983281625,0.319787238468759,-0.00022968042039897964,5.655186724526645e-05,9487
dxy,GPRD_THREAT,26,3.6688282192037334e-05,9.32872558178558e-05,0.3932828966871052,0.6941105490784514,-0.00011675559888831257,0.00019013216327238726,9486
dxy,GPRD_THREAT,27,5.369274047596996e-05,8.549462818427529e-05,0.6280247264218815,0.5299877420931554,-8.693340877780279e-05,0.00019431888972974273,9485
dxy,GPRD_THREAT,28,-7.4746022662231e-05,8.8621074565396e-05,-0.843433946482716,0.3989857932235017,-0.00022051471858545947,7.102267326099747e-05,9484
dxy,GPRD_THREAT,29,-0.000115814406560407,8.925669061167866e-05,-1.2975431395308021,0.1944443719252461,-0.00026262859784271207,3.099978472189806e-05,9483
dxy,GPRD_THREAT,30,-1.8754672943140912e-05,9.134731937537828e-05,-0.2053116946548958,0.8373286076681699,-0.00016900764253002638,0.00013149829664374456,9482
vix,GPRD,0,0.017242296435092896,0.06191909711425737,0.2784649201727898,0.7806554901312167,-0.08460555503085376,0.11909014790103956,9512
vix,GPRD,1,-0.07986398524947426,0.08679247040529074,-0.9201718176304596,0.3574829791389367,-0.22262489498769505,0.06289692448874652,9511
vix,GPRD,2,-0.14525728251376901,0.10097300188229837,-1.4385754588448474,0.15027084367621743,-0.3113430908840453,0.02082852585650727,9510
vix,GPRD,3,-0.11957605828397189,0.11082111044178607,-1.0790007229424465,0.28058740537421634,-0.3018605637369334,0.0627084471689896,9509
vix,GPRD,4,-0.08499887776235449,0.11797502256470055,-0.7204819792743749,0.4712282912006217,-0.2790505215175839,0.10905276599287497,9508
vix,GPRD,5,-0.08509284288647748,0.12413863725892682,-0.6854662236141024,0.49304976745165763,-0.28928273062663645,0.11909704485368147,9507
vix,GPRD,6,-0.15654322689268083,0.14415585585195428,-1.0859304047519802,0.2775097839316837,-0.39365850923706147,0.08057205545169979,9506
vix,GPRD,7,-0.21469713616146494,0.13695668640329356,-1.5676279983092658,0.11696797402810191,-0.4399708385271777,0.01057656620424785,9505
vix,GPRD,8,-0.19929205431958197,0.1315412137029981,-1.5150540937652888,0.12975870578390739,-0.41565809677255705,0.017073988133393142,9504
vix,GPRD,9,-0.16875311713255525,0.1309765192716014,-1.2884226735527904,0.19759887025181522,-0.3841903199019282,0.046684085636817696,9503
vix,GPRD,10,-0.10923875651876455,0.13758459898937922,-0.7939751783351652,0.42720988168025853,-0.3355452831791088,0.11706777014157971,9502
vix,GPRD,11,-0.23499357663480377,0.14863781868168627,-1.5809810633594654,0.11388236762405372,-0.4794810317955307,0.009493878525923177,9501
vix,GPRD,12,-0.1853017480608674,0.14890997240977913,-1.2443877670660182,0.21335688294403532,-0.4302368562683363,0.05963336014660145,9500
vix,GPRD,13,-0.12798241688164994,0.15543859232907203,-0.8233632006310514,0.41030148317404114,-0.38365614924235536,0.12769131547905546,9499
vix,GPRD,14,-0.15969517477605155,0.15623328093152308,-1.022158491608749,0.306705892969825,-0.4166760535667956,0.0972857040146925,9498
vix,GPRD,15,-0.17733774990017173,0.16123302218014726,-1.0998847971852224,0.27138231944118074,-0.4425424712175341,0.08786697141719066,9497
vix,GPRD,16,-0.26530261291889445,0.1689008375015899,-1.5707596057147857,0.11623849811388529,-0.5431197680785258,0.012514542240736948,9496
vix,GPRD,17,-0.33304442734299344,0.16744993207923037,-1.9889194531617405,0.0467100942117469,-0.6084750554562932,-0.057613799229693674,9495
vix,GPRD,18,-0.33161150286441154,0.1718434759800696,-1.9297299532213363,0.05364030658016146,-0.6142688675981772,-0.04895413813064586,9494
vix,GPRD,19,-0.3184474426655042,0.17474004263739715,-1.8224068041823367,0.06839328293209673,-0.6058692355712818,-0.031025649759726603,9493
vix,GPRD,20,-0.26578675256555195,0.18482458319856143,-1.438048705241829,0.15042023522894543,-0.5697961385894998,0.03822263345839594,9492
vix,GPRD,21,-0.35571016436003294,0.19308732430271047,-1.8422243181658695,0.06544234472649937,-0.6733105500577015,-0.03810977866236448,9491
vix,GPRD,22,-0.4192088264599851,0.18854412964803682,-2.2233989848559044,0.026188908099287055,-0.7293363219519671,-0.1090813309680031,9490
vix,GPRD,23,-0.46927322642832947,0.19277350638705085,-2.434324276314828,0.014919622165496024,-0.7863574275892229,-0.1521890252674361,9489
vix,GPRD,24,-0.49988791755327977,0.19302227899656513,-2.58979388364892,0.009603341277167953,-0.8173813132432188,-0.18239452186334065,9488
vix,GPRD,25,-0.4394426290728182,0.20479860045686027,-2.145730625563452,0.03189447631194944,-0.7763063498288703,-0.10257890831676619,9487
vix,GPRD,26,-0.48256039637401593,0.20073615225367003,-2.4039536025588704,0.01621883162771144,-0.812741984468748,-0.15237880827928385,9486
vix,GPRD,27,-0.5593861517770646,0.20019121500079964,-2.7942592374736837,0.005201875961067508,-0.8886713978549519,-0.23010090569917735,9485
vix,GPRD,28,-0.5960912294562561,0.1998048375044555,-2.9833673543713064,0.002850955827681007,-0.9247409411079093,-0.267441517804603,9484
vix,GPRD,29,-0.6043914209156886,0.20858830746025336,-2.897532600339335,0.003761106469066972,-0.9474886549813553,-0.2612941868500221,9483
vix,GPRD,30,-0.4871353429410774,0.21947651600190754,-2.2195328767513494,0.02645049309951479,-0.8481420863174878,-0.126128599564667,9482
vix,GPRD_ACT,0,-0.002013942850684458,0.03356278963309151,-0.0600052281917232,0.952151470700917,-0.0572198191092843,0.053191933407915386,9512
vix,GPRD_ACT,1,-0.046346986580512485,0.04471854301332173,-1.0364153985675615,0.3000083895628669,-0.11990244424796015,0.027208471086935186,9511
vix,GPRD_ACT,2,-0.11034404465476637,0.05607475536324769,-1.9678025154094145,0.04909076466229509,-0.20257880939442086,-0.01810927991511188,9510
vix,GPRD_ACT,3,-0.09018338988962361,0.05462597476216223,-1.650925045864645,0.09875388091970291,-0.18003512260292576,-0.0003316571763214843,9509
vix,GPRD_ACT,4,-0.062400596549026854,0.05865005442951145,-1.0639478028792453,0.28735234605879934,-0.15887135129831,0.0340701582002563,9508
vix,GPRD_ACT,5,-0.03998433535968326,0.06162370365960097,-0.6488466772550712,0.5164374834948471,-0.14134630783036062,0.06137763711099411,9507
vix,GPRD_ACT,6,-0.08146037510645776,0.06684650889046433,-1.2186182413795152,0.22298912226389067,-0.19141309770398185,0.028492347491066314,9506
vix,GPRD_ACT,7,-0.06033003820769378,0.0665203704950234,-0.9069408026253741,0.36443810255410125,-0.16974631088258874,0.04908623446720117,9505
vix,GPRD_ACT,8,-0.06459275690589905,0.06753335077379971,-0.9564571602888465,0.3388413179889974,-0.17567523386636952,0.046489720054571415,9504
vix,GPRD_ACT,9,-0.08898809533854933,0.07023051747803513,-1.2670858557518205,0.20512459247960368,-0.20450701673497418,0.026530826057875517,9503
vix,GPRD_ACT,10,-0.07192206686476894,0.07695095471367222,-0.9346481422145401,0.3499696600963754,-0.19849512382293116,0.05465099009339329,9502
vix,GPRD_ACT,11,-0.11451794589638294,0.08240797630174788,-1.3896463793390592,0.1646362847640649,-0.2500670046060439,0.021031112813278033,9501
vix,GPRD_ACT,12,-0.08816685777641031,0.08289177992464926,-1.0636381298188582,0.2874926621970594,-0.22451170262993286,0.04817798707711224,9500
vix,GPRD_ACT,13,-0.0672645597955638,0.08684617348681863,-0.7745253140689394,0.43862020439147076,-0.21011380324221418,0.0755846836510866,9499
vix,GPRD_ACT,14,-0.045293757944142546,0.08893222084692534,-0.5093064978339455,0.610537404039641,-0.19157424395705702,0.10098672806877192,9498
vix,GPRD_ACT,15,-0.06418588959302186,0.09334645015166985,-0.6876093251401875,0.4916988342968981,-0.21772713668804083,0.08935535750199709,9497
vix,GPRD_ACT,16,-0.06968806586472476,0.0959291671504988,-0.7264533606905437,0.4675608892421953,-0.22747750438265674,0.08810137265320722,9496
vix,GPRD_ACT,17,-0.09869295281493397,0.09982850884316816,-0.9886249324827824,0.3228466829583345,-0.26289623765877623,0.06551033202890828,9495
vix,GPRD_ACT,18,-0.058857973717560234,0.10949017597781988,-0.5375639703920421,0.5908781099403392,-0.23895328679023223,0.12123733935511175,9494
vix,GPRD_ACT,19,-0.11574296047643307,0.10060765013348519,-1.1504389608828602,0.24996312097311302,-0.28122781869756097,0.04974189774469481,9493
vix,GPRD_ACT,20,-0.07988083103687194,0.10391175305701929,-0.7687372090916327,0.4420493311051197,-0.25080045493559583,0.09103879286185196,9492
vix,GPRD_ACT,21,-0.14523489128287562,0.10351898135543199,-1.4029783657183819,0.16062329035326595,-0.31550846322367976,0.025038680657928525,9491
vix,GPRD_ACT,22,-0.1949013470783979,0.1033058853971569,-1.8866432084590778,0.05920833100072398,-0.36482440735934457,-0.024978286797451232,9490
vix,GPRD_ACT,23,-0.22094275285833562,0.10565015879024689,-2.0912675890718297,0.036504083483143795,-0.3947217997324722,-0.047163705984199056,9489
vix,GPRD_ACT,24,-0.22112327169590795,0.109267539136918,-2.0236867549366955,0.04300239224874448,-0.40085237975332944,-0.04139416363848644,9488
vix,GPRD_ACT,25,-0.1884681876276953,0.11352285952172926,-1.660178297320117,0.09687858928132263,-0.37519667485391417,-0.0017397004014764461,9487
vix,GPRD_ACT,26,-0.16904070644788136,0.1146084549758302,-1.4749409760696135,0.14022841266235728,-0.3575548392941802,0.019473426398417454,9486
vix,GPRD_ACT,27,-0.18624796158404414,0.11459849099410611,-1.625221763117483,0.10411531482693812,-0.3747457051388652,0.0022497819707769373,9485
vix,GPRD_ACT,28,-0.2521518581823101,0.12043790371142163,-2.0936254319610637,0.03629336022911862,-0.4502545809244741,-0.054049135440146084,9484
vix,GPRD_ACT,29,-0.22164448488635394,0.12105089306449437,-1.8310024756964376,0.06710017355890922,-0.4207554853892023,-0.022533484383505553,9483
vix,GPRD_ACT,30,-0.18045087537300167,0.12421088957073538,-1.4527782225586496,0.14628534031613696,-0.38475960759029454,0.023857856844291203,9482
vix,GPRD_THREAT,0,0.00013757834984939876,0.04674875846004676,0.002942930558615335,0.9976518845332085,-0.07675728655863684,0.07703244325833564,9512
vix,GPRD_THREAT,1,-0.05432245160873444,0.06492243735751219,-0.8367284689204414,0.40274521294945365,-0.1611103581667681,0.05246545494929924,9511
vix,GPRD_THREAT,2,-0.05935630764423672,0.0633929751747353,-0.9363231096289142,0.3491068531680156,-0.16362847278364473,0.04491585749517128,9510
vix,GPRD_THREAT,3,-0.08695065917944407,0.07306003975372759,-1.1901260863330938,0.23399683866584542,-0.20712373055358163,0.03322241219469349,9509
vix,GPRD_THREAT,4,-0.10897465832287345,0.08119105037930997,-1.3422003757035224,0.17953103470830134,-0.24252205201528115,0.02457273536953425,9508
vix,GPRD_THREAT,5,-0.11590980910885736,0.0885753143439098,-1.308601724616143,0.1906692964367025,-0.26160323616580416,0.02978361794808944,9507
vix,GPRD_THREAT,6,-0.12925050058989726,0.10845190518541893,-1.191777132627769,0.23334864448664494,-0.3076380101839308,0.049137009004136256,9506
vix,GPRD_THREAT,7,-0.2494775555031297,0.11349601440170731,-2.198117324368148,0.02794074625795212,-0.4361618864363145,-0.0627932245699449,9505
vix,GPRD_THREAT,8,-0.26793836546958616,0.10985614145334717,-2.438993049681907,0.014728251526606161,-0.44863563818201824,-0.08724109275715408,9504
vix,GPRD_THREAT,9,-0.19100958598570358,0.1120170770561209,-1.7051827364680046,0.08816034869145506,-0.3752612814619666,-0.006757890509440562,9503
vix,GPRD_THREAT,10,-0.16854252140413983,0.11926560591145408,-1.4131695396682111,0.15760588044124257,-0.36471698585816004,0.027631943049880342,9502
vix,GPRD_THREAT,11,-0.25832586067389274,0.13336696524571418,-1.9369553787023297,0.05275079807198466,-0.47769499717381664,-0.03895672417396884,9501
vix,GPRD_THREAT,12,-0.22604767103589207,0.13504927622169743,-1.673816234785378,0.0941667206768612,-0.44818396284632234,-0.003911379225461836,9500
vix,GPRD_THREAT,13,-0.2043655674710874,0.13517173375286154,-1.5118957329106615,0.13056038975743225,-0.42670328399580043,0.017972149053625652,9499
vix,GPRD_THREAT,14,-0.21032327231435052,0.1418338443652201,-1.4828849436864389,0.13810498236073884,-0.44361918564295344,0.022972641014252365,9498
vix,GPRD_THREAT,15,-0.18619788709836144,0.14899566312714244,-1.249686623022532,0.2114140457927436,-0.4312739439930814,0.058878169796358515,9497
vix,GPRD_THREAT,16,-0.24627216313678613,0.1521175971573623,-1.6189590667937188,0.10545607060833526,-0.4964833445442165,0.003939018270644246,9496
vix,GPRD_THREAT,17,-0.3403815920652838,0.15261848941104575,-2.2302775592840374,0.025729022017198514,-0.5914166679128973,-0.08934651621767031,9495
vix,GPRD_THREAT,18,-0.39257725473138555,0.15995066058299384,-2.45436469784186,0.014113376496111421,-0.6556726789246068,-0.12948183053816426,9494
vix,GPRD_THREAT,19,-0.3187109288324065,0.16655841848464997,-1.9135083758121711,0.055683002280175205,-0.5926751475761841,-0.04474671008862885,9493
vix,GPRD_THREAT,20,-0.3033330544843702,0.18230215282793466,-1.66390275583125,0.09613186421712824,-0.6031934117644602,-0.003472697204280284,9492
vix,GPRD_THREAT,21,-0.36511607421896597,0.18163954358796866,-2.0101133652218137,0.044419191825809896,-0.6638865362874462,-0.06634561215048568,9491
vix,GPRD_THREAT,22,-0.4234608690520375,0.18563997701387092,-2.2810866272645396,0.022543321297048488,-0.728811458550491,-0.118110279553584,9490
vix,GPRD_THREAT,23,-0.442518648786798,0.18560590770834673,-2.384184071781557,0.01711703820213988,-0.7478131992644923,-0.13722409830910365,9489
vix,GPRD_THREAT,24,-0.423746876321478,0.18823717716817873,-2.2511327607876597,0.024377130016548256,-0.7333694799136636,-0.11412427272929238,9488
vix,GPRD_THREAT,25,-0.38502182943072566,0.1977476751629357,-1.9470359341189927,0.051530426745323044,-0.710287810143702,-0.059755848717749305,9487
vix,GPRD_THREAT,26,-0.4394310993731591,0.19705075992352766,-2.230040115266216,0.025744779830394564,-0.7635507565269174,-0.11531144221940082,9486
vix,GPRD_THREAT,27,-0.4737461857907681,0.19459492876242823,-2.434524829622577,0.014911356772421815,-0.7938263601520115,-0.15366601142952468,9485
vix,GPRD_THREAT,28,-0.5129996775436134,0.1968166022854049,-2.606485792289563,0.009147661891057549,-0.8367341796570271,-0.18926517543019977,9484
vix,GPRD_THREAT,29,-0.5346671768953365,0.20337682866161705,-2.6289483438889087,0.00856493700333959,-0.8691922911572854,-0.20014206263338757,9483
vix,GPRD_THREAT,30,-0.46968223038908785,0.21436049896829126,-2.1910857301118916,0.028445589170070666,-0.8222738745922091,-0.11709058618596663,9482
us10y,GPRD,0,0.0034380690412935547,0.0019237944499694943,1.7871290986144972,0.07391662540088079,0.0002737087627521194,0.00660242931983499,9512
us10y,GPRD,1,0.0015707040261727517,0.001857454687666156,0.8456217191205353,0.3977638053638387,-0.0014845370537329386,0.004625945106078442,9511
us10y,GPRD,2,0.0026194317107197523,0.0018283109715454078,1.432705787738963,0.15194193478818221,-0.0003878722220218814,0.005626735643461386,9510
us10y,GPRD,3,0.000835767787316476,0.0019235321620552533,0.4344963935635346,0.6639280131378371,-0.002328161065997914,0.0039996966406308666,9509
us10y,GPRD,4,0.00037972532331701295,0.0018183622088500304,0.20882820896127127,0.8345823492313204,-0.00261121435102145,0.003370664997655476,9508
us10y,GPRD,5,9.176559073671497e-05,0.0017949747747515751,0.05112361021865355,0.9592270223560775,-0.002860705177799815,0.003044236359273245,9507
us10y,GPRD,6,0.0014593839425856073,0.001813762524176518,0.8046168796260662,0.42104079846578024,-0.0015239899237347954,0.00444275780890601,9506
us10y,GPRD,7,4.1786891403660564e-05,0.001784091530817058,0.023421943707408036,0.981313701258971,-0.0028927825338741814,0.002976356316681503,9505
us10y,GPRD,8,-0.00012641524438546103,0.0019077703994033503,-0.06626334302335178,0.9471681670856004,-0.0032644183052347206,0.0030115878164637985,9504
us10y,GPRD,9,0.00047104609746960533,0.0018290068277451708,0.25754201150266814,0.7967603882340109,-0.0025374024168660454,0.0034794946118052563,9503
us10y,GPRD,10,0.0019619180630188024,0.0019468396884843903,1.0077450519545093,0.31357687086697617,-0.0012403482596778214,0.005164184385715426,9502
us10y,GPRD,11,-0.0006020944403498193,0.0018830816814461393,-0.31973888667826256,0.7491662786603448,-0.003699488173922378,0.00249529929322274,9501
us10y,GPRD,12,-0.004472052147721849,0.001712569203189946,-2.6113117878050742,0.00901956202662939,-0.007288977812994224,-0.0016551264824494739,9500
us10y,GPRD,13,0.0008729883413288385,0.0018903879978013477,0.4618037896686735,0.6442220330002619,-0.00223642321320024,0.003982399895857917,9499
us10y,GPRD,14,-0.0011603920058084229,0.0017740839763849322,-0.6540795256901901,0.5130605715434982,-0.004078500468881668,0.0017577164572648227,9498
us10y,GPRD,15,0.0009266108672119368,0.0017501938029097935,0.5294332922853431,0.596504908326374,-0.0019522017573722272,0.003805423491796101,9497
us10y,GPRD,16,0.0013945821826535582,0.0018824350294139437,0.7408394769872785,0.4587907759285129,-0.0017017479029784685,0.004490912268285584,9496
us10y,GPRD,17,-0.00020989848784192956,0.0019792219253967343,-0.10605101183883434,0.9155418787582632,-0.0034654288503726243,0.003045631874688765,9495
us10y,GPRD,18,0.0008495470553316377,0.0017309241613787405,0.4908054750676912,0.6235640372749246,-0.0019975698294901188,0.003696663940153394,9494
us10y,GPRD,19,-3.349528346666483e-05,0.0017988866721739213,-0.018620007577345825,0.9851442418637805,-0.002992400550666603,0.0029254099837332736,9493
us10y,GPRD,20,0.00281764829110385,0.0018067778574526279,1.5594879467232603,0.11888093518722712,-0.0001542368208227148,0.005789533403030415,9492
us10y,GPRD,21,-0.0009422921482285093,0.0017428698788513105,-0.5406554784511822,0.5887450709172146,-0.0038090579897615603,0.0019244736933045417,9491
us10y,GPRD,22,0.001205644774685039,0.0018506596674213985,0.6514675798629763,0.514744698494997,-0.0018384194915258536,0.0042497090408959316,9490
us10y,GPRD,23,0.0010846481734851693,0.0017498067643069292,0.6198674022812921,0.5353450886106887,-0.0017935278292493032,0.0039628241762196415,9489
us10y,GPRD,24,0.0006925289915996613,0.0019152962690214754,0.36157799855866385,0.7176674083815537,-0.002457853023186935,0.0038429110063862575,9488
us10y,GPRD,25,0.00602669620874184,0.0018358015132504957,3.2828691801603798,0.0010275633891632097,0.0030070714313087605,0.00904632098617492,9487
us10y,GPRD,26,-3.5076843479227174e-06,0.0017447001548818065,-0.00201047975957814,0.9983958703206824,-0.0028732840620480575,0.002866268693352212,9486
us10y,GPRD,27,0.0003442701881894027,0.0016912921655196842,0.20355453375119173,0.8387016259729565,-0.0024376578645002593,0.0031261982408790647,9485
us10y,GPRD,28,0.0014508051291326905,0.0018820209580259761,0.7708761812378638,0.44078032651748633,-0.0016448438696750208,0.0045464541279404014,9484
us10y,GPRD,29,-0.0011376977596129537,0.0018969775282926008,-0.5997423494188427,0.5486779597965467,-0.004257948127270477,0.00198255260804457,9483
us10y,GPRD,30,0.004015786279308532,0.0019085454576641678,2.10410826903928,0.035369003705136126,0.0008765083610678685,0.007155064197549197,9482
us10y,GPRD_ACT,0,0.0015321014862046101,0.0010170388950353068,1.5064335235196908,0.13195592029455244,-0.00014077862904493185,0.003204981601454152,9512
us10y,GPRD_ACT,1,0.0014507294667228156,0.0010862152966839504,1.3355818787966542,0.181685976386175,-0.00033593570367794956,0.0032373946371235807,9511
us10y,GPRD_ACT,2,2.69762113215559e-05,0.0010261324033867072,0.026289211053585327,0.9790266602707218,-0.0016608613941215006,0.0017148138167646125,9510
us10y,GPRD_ACT,3,4.141300798973821e-05,0.001075715006643587,0.03849812239670599,0.9692905284861493,-0.001727980722254093,0.0018108067382335692,9509
us10y,GPRD_ACT,4,0.0007867710055174811,0.0010879647957011277,0.7231585145275355,0.4695825030109929,-0.0010027718346870362,0.0025763138457219987,9508
us10y,GPRD_ACT,5,-6.205426176250753e-05,0.0009792082164766628,-0.06337187609167334,0.9494703818516568,-0.0016727084481748286,0.0015485999246498136,9507
us10y,GPRD_ACT,6,0.00024435876364858737,0.0010372764308760568,0.23557728333054698,0.8137607026588468,-0.0014618091358291727,0.0019505266631263474,9506
us10y,GPRD_ACT,7,-0.0005652164672310101,0.00104762958752906,-0.5395193816204925,0.5895285271719931,-0.002288413793979859,0.001157980859517839,9505
us10y,GPRD_ACT,8,0.0011222139717737244,0.0011432163729853165,0.9816286735320734,0.3262828160873371,-0.0007582096257214806,0.0030026375692689296,9504
us10y,GPRD_ACT,9,0.0015406547832010474,0.0011193422056987668,1.3763930059612732,0.16869999215295461,-0.00030049930364242985,0.0033818088700445247,9503
us10y,GPRD_ACT,10,-0.0005504798524484256,0.0011088572892728216,-0.4964388634802818,0.619584811247748,-0.0023743877864804037,0.0012734280815835527,9502
us10y,GPRD_ACT,11,-0.0007490865666917793,0.0010674147075341927,-0.7017765086095028,0.48281855096899273,-0.002504827519840741,0.0010066543864571827,9501
us10y,GPRD_ACT,12,-0.0029045093739144866,0.0009675051743414624,-3.002060816771814,0.0026815859705945503,-0.004495913769024357,-0.0013131049788046158,9500
us10y,GPRD_ACT,13,0.0007854542945526324,0.0011045686547627896,0.7110959478759713,0.4770247808401058,-0.0010313994634508505,0.002602308052556115,9499
us10y,GPRD_ACT,14,-0.0011992875575001134,0.001018863989264516,-1.177083075009687,0.23916234973914963,-0.0028751696856120987,0.00047659457061187166,9498
us10y,GPRD_ACT,15,0.0004241478511224097,0.0011098942134869227,0.3821516014484629,0.7023489186783816,-0.0014014656714640068,0.0022497613737088263,9497
us10y,GPRD_ACT,16,0.0007753398614172894,0.001101325666489731,0.704005985703157,0.4814290459799412,-0.0010361796555630922,0.002586859378397671,9496
us10y,GPRD_ACT,17,-0.0002952438368605115,0.001006200160548459,-0.29342455749518087,0.7691976569416603,-0.0019502958203777977,0.001359808146656775,9495
us10y,GPRD_ACT,18,0.00040997374137300417,0.0009778178237993902,0.419274154545494,0.6750157829838663,-0.0011983934526012185,0.0020183409353472267,9494
us10y,GPRD_ACT,19,-2.9688774319797284e-05,0.0010915237797559441,-0.027199383898384197,0.978300707103378,-0.0018250856223551418,0.0017657080737155473,9493
us10y,GPRD_ACT,20,0.0012068026902725387,0.0011142199893725807,1.0830919403555948,0.27876761600864786,-0.0006259261004687815,0.0030395314810138588,9492
us10y,GPRD_ACT,21,0.0002987267412621569,0.001035634057590589,0.2884481628164557,0.7730037049732754,-0.0014047396945601933,0.002002193177084507,9491
us10y,GPRD_ACT,22,0.0018938535221150498,0.0010424743549975225,1.8166907541044983,0.06926447826397726,0.00017913579829347838,0.0036085712459366214,9490
us10y,GPRD_ACT,23,0.0006641968371093798,0.0010477841337468777,0.6339061794476796,0.5261420525454994,-0.0010592546955463784,0.002387648369765138,9489
us10y,GPRD_ACT,24,-0.0005672721395471704,0.001095242667039062,-0.5179419653918017,0.6044987612003134,-0.002368786012818375,0.0012342417337240343,9488
us10y,GPRD_ACT,25,-5.496031139535163e-05,0.0009701239614009347,-0.05665287487176861,0.9548217140876575,-0.0016506722278982091,0.0015407516051075057,9487
us10y,GPRD_ACT,26,-0.0009601289159161674,0.000994454316774684,-0.9654831797906572,0.3343028567715196,-0.0025958607057005546,0.0006756028738682198,9486
us10y,GPRD_ACT,27,-0.000968274815829136,0.0010372595522664862,-0.9334932743818906,0.35056534139013207,-0.002674414952464726,0.0007378653208064541,9485
us10y,GPRD_ACT,28,-0.0006841542958630996,0.0011048995081112695,-0.6192004710298065,0.5357843015961685,-0.002501552259196819,0.0011332436674706197,9484
us10y,GPRD_ACT,29,-0.0008795560656987017,0.0010966482256742909,-0.8020402943322078,0.42252965013750166,-0.0026833818771889555,0.0009242697457915522,9483
us10y,GPRD_ACT,30,0.0006482042201077986,0.0010562612567391895,0.6136779286110389,0.5394281761496289,-0.0010891909390479775,0.002385599379263575,9482
us10y,GPRD_THREAT,0,0.0020016352484727674,0.0013567486895711914,1.4753176206165315,0.14012717130658953,-0.0002300177544300639,0.004233288251375599,9512
us10y,GPRD_THREAT,1,-0.00037071596700963635,0.0014056616916075923,-0.2637305755879746,0.7919875334755918,-0.0026828236987171262,0.0019413917646978536,9511
us10y,GPRD_THREAT,2,0.0023190437212484887,0.00130095594850229,1.782568982384269,0.07465649272893408,0.00017916161085040428,0.0044589258316465735,9510
us10y,GPRD_THREAT,3,-0.0008208982130611171,0.0014726250739925772,-0.5574387042287009,0.5772277275684419,-0.0032431509071574878,0.0016013544810352539,9509
us10y,GPRD_THREAT,4,0.0015815088633609894,0.0013337333601775706,1.1857758908800409,0.23571081492984747,-0.0006122872915132621,0.003775305018235241,9508
us10y,GPRD_THREAT,5,0.0003642452525021,0.0013519747296511407,0.26941720471068914,0.7876086480300628,-0.001859555285111315,0.002588045790115515,9507
us10y,GPRD_THREAT,6,-0.0001928805260123061,0.001372075944000917,-0.1405756925158781,0.8882051520816822,-0.0024497446189550797,0.0020639835669304676,9506
us10y,GPRD_THREAT,7,0.0008705490500010419,0.0014151509924225994,0.6151633674868485,0.5384468373410203,-0.0014571671925692462,0.00319826529257133,9505
us10y,GPRD_THREAT,8,-9.752614348045485e-05,0.0014163290253976489,-0.06885839499975889,0.945102335855012,-0.0024271800778624215,0.0022321277909015114,9504
us10y,GPRD_THREAT,9,0.0007405658687773147,0.0014513237244506145,0.5102692502719538,0.6098628423808536,-0.0016466492232659977,0.003127780960820627,9503
us10y,GPRD_THREAT,10,0.001177070334362058,0.0014299786698232593,0.8231383860484716,0.4104293019818861,-0.001175035267159972,0.003529175935884088,9502
us10y,GPRD_THREAT,11,-1.1558336339112116e-05,0.0013669937714661524,-0.008455295540019444,0.9932537306157629,-0.0022600629993552845,0.0022369463266770605,9501
us10y,GPRD_THREAT,12,-0.001865540843630669,0.0013746442903054767,-1.357108058271645,0.1747468783924484,-0.004126629490307765,0.00039554780304642666,9500
us10y,GPRD_THREAT,13,0.0006963754172487563,0.001456780435991051,0.478023592330172,0.6326334133729268,-0.001699815166563071,0.0030925660010605836,9499
us10y,GPRD_THREAT,14,0.00031973838430929806,0.0014964099345470216,0.21367031648723056,0.830804160762393,-0.002141636923936586,0.0027811136925551816,9498
us10y,GPRD_THREAT,15,0.0002160198548814411,0.0013400160950301516,0.16120691063533865,0.8719304384084839,-0.001988110479202252,0.0024201501889651346,9497
us10y,GPRD_THREAT,16,-6.263900715845245e-05,0.0014334664930734742,-0.04369757330298603,0.9651454735945493,-0.0024204815674037637,0.002295203553086859,9496
us10y,GPRD_THREAT,17,5.53241779079445e-05,0.0014745896438717316,0.03751835511517869,0.9700717051840364,-0.002370159946079553,0.0024808083018954424,9495
us10y,GPRD_THREAT,18,0.0004588646147285459,0.0013600377117176708,0.33739109641968607,0.7358220956251054,-0.0017781983481810458,0.0026959275776381377,9494
us10y,GPRD_THREAT,19,0.000491447566434703,0.0013938185501814612,0.35259077759491825,0.7243952525204911,-0.001801179931143516,0.0027840750640129217,9493
us10y,GPRD_THREAT,20,0.0022153878287655077,0.0013688750035550164,1.6184003820743806,0.10557633973441563,-3.621118567517052e-05,0.004466986843206186,9492
us10y,GPRD_THREAT,21,-0.0005417847982996278,0.0014582716829777184,-0.37152528203340696,0.7102463289523417,-0.002940428265126155,0.0018568586685268995,9491
us10y,GPRD_THREAT,22,7.776185115365521e-05,0.0014114917104417232,0.055091964464544965,0.9560651978522088,-0.0022439354081783503,0.002399459110485661,9490
us10y,GPRD_THREAT,23,-4.199897536059479e-06,0.0013141308627750206,-0.003195950764896161,0.9974500045685892,-0.0021657528134604196,0.0021573530183883003,9489
us10y,GPRD_THREAT,24,0.0007096597705473623,0.0015313213827125793,0.46342967489311265,0.6430564121529132,-0.001809139759835767,0.003228459300930492,9488
us10y,GPRD_THREAT,25,0.004963757624654397,0.0014556885051622863,3.4099037033345376,0.0006498582050696937,0.0025693631072266437,0.00735815214208215,9487
us10y,GPRD_THREAT,26,2.0110376620226337e-05,0.0013488204071243884,0.014909602875226781,0.988104298788098,-0.0021985017621444854,0.0022387225153849377,9486
us10y,GPRD_THREAT,27,0.0014408795966618017,0.0012937344204718123,1.1137367715209487,0.2653921292444552,-0.0006871241571632196,0.003568883350486823,9485
us10y,GPRD_THREAT,28,0.0017564140810976466,0.0014147427442250588,1.2415077499193976,0.21441823701497853,-0.0005706306529442205,0.004083458815139514,9484
us10y,GPRD_THREAT,29,-0.0010004025440554071,0.0013905437700993117,-0.7194326173450541,0.47187440583564444,-0.003287643507738034,0.00128683841962722,9483
us10y,GPRD_THREAT,30,0.002592580594888713,0.001499641842935995,1.7287998511784424,0.0838449228160187,0.00012588927040725183,0.005059271919370174,9482
